City_ID,City,Cloudiness,Country,Date,Humidity,Lat,Lng,Max Temp,Wind Speed
4030556,Rikitea,78,PF,1603343901,73,-23.12,-134.97,74.12,2.59
1649150,Bengkulu,100,ID,1603343777,72,-3.8,102.27,81.01,10.16
4465088,Elizabeth City,90,US,1603343938,100,36.29,-76.25,66.2,3.2
3421765,Nanortalik,36,GL,1603343906,81,60.14,-45.24,34.07,36.06
5847411,Kahului,20,US,1603343917,58,20.89,-156.47,82.4,5.82
3874787,Punta Arenas,75,CL,1603343993,66,-53.15,-70.92,48.2,16.11
6170031,Tuktoyaktuk,90,CA,1603343906,85,69.45,-133.04,19.4,11.41
2121385,Severo-Kuril'sk,89,RU,1603343930,69,50.68,156.12,42.87,8.9
1819729,Hong Kong,24,HK,1603343942,60,22.29,114.16,80.01,1.99
2638419,Scarborough,77,GB,1603343765,80,54.28,-0.4,50.0,5.99
2270385,Camacha,20,PT,1603343914,55,33.08,-16.33,64.4,13.87
2206939,Bluff,97,NZ,1603343799,60,-46.6,168.33,59.0,3.0
2126710,Beringovskiy,35,RU,1603343999,85,63.05,179.32,38.44,6.11
2019135,Nizhniy Kuranakh,98,RU,1603343999,94,58.84,125.49,23.74,3.31
4035715,Avarua,100,CK,1603343931,83,-21.21,-159.78,75.2,9.17
2155415,New Norfolk,65,AU,1603343910,51,-42.78,147.06,61.0,1.01
2108857,Gizo Government Station,65,SB,1603344000,75,-8.1,156.84,82.54,10.71
1259385,Port Blair,72,IN,1603343916,76,11.67,92.75,84.47,12.3
3868626,Valparaíso,40,CL,1603344001,100,-33.04,-71.63,46.4,3.36
3831208,Qaanaaq,98,GL,1603344001,87,77.48,-69.36,19.58,7.25
6201424,Mataura,96,NZ,1603343915,60,-46.19,168.86,59.0,3.0
3372964,Lagoa,77,PT,1603343979,67,39.05,-27.98,62.69,15.05
3833367,Ushuaia,75,AR,1603343673,57,-54.8,-68.3,48.2,6.11
1786855,Yatou,0,CN,1603343928,42,37.15,122.38,58.42,17.29
736017,Kamariótissa,40,GR,1603344002,77,40.48,25.47,62.6,3.36
5106841,Albany,99,US,1603343900,77,42.6,-73.97,62.01,2.46
3372707,Ribeira Grande,96,PT,1603343965,70,38.52,-28.7,63.41,14.92
2163355,Hobart,75,AU,1603343792,63,-42.88,147.33,61.0,6.93
964420,Port Elizabeth,0,ZA,1603344003,93,-33.92,25.57,57.2,1.12
2137748,Voh,68,NC,1603344004,63,-20.97,164.7,79.27,3.71
2126123,Chokurdakh,100,RU,1603343960,95,70.63,147.92,12.61,4.27
3933104,Pangoa,55,PE,1603344005,93,-12.12,-73.0,65.55,2.95
6167817,Torbay,90,CA,1603343965,100,47.67,-52.73,48.99,11.41
1513491,Yangi Marg`ilon,62,UZ,1603344006,25,40.43,71.72,64.4,12.21
1737714,Limbang,75,MY,1603344006,66,4.75,115.0,89.01,9.17
2026126,Borzya,0,RU,1603344006,69,50.38,116.52,35.53,10.16
2126199,Cherskiy,0,RU,1603343935,94,68.75,161.3,21.61,10.74
4031637,Lavrentiya,0,RU,1603343935,92,65.58,-171.0,35.26,2.93
1695546,Pandan,92,PH,1603344007,64,14.05,124.17,88.68,9.13
3985710,Cabo San Lucas,0,MX,1603343755,76,22.89,-109.91,81.0,9.19
3369157,Cape Town,0,ZA,1603343917,93,-33.93,18.42,62.01,11.41
2392087,Porto-Novo,40,BJ,1603344009,88,6.5,2.6,80.6,8.05
2160053,Lithgow,45,AU,1603344009,62,-33.48,150.15,69.01,1.99
1039536,Maxixe,20,MZ,1603344009,94,-23.86,35.35,71.6,4.7
134601,Fareydūnshahr,0,IR,1603344010,31,32.94,50.12,51.13,4.34
544084,Koslan,5,RU,1603344010,97,63.46,48.9,21.7,4.83
1015776,Bredasdorp,0,ZA,1603343904,82,-34.53,20.04,60.8,4.7
1788852,Xining,0,CN,1603344011,36,36.62,101.77,52.36,2.48
1633419,Padang,100,ID,1603343752,63,-0.95,100.35,82.94,5.84
2075265,Busselton,9,AU,1603343898,31,-33.65,115.33,73.0,8.1
6166142,Thunder Bay,75,CA,1603343790,97,48.4,-89.32,32.0,8.05
1507390,Dikson,99,RU,1603343905,96,73.51,80.55,25.5,11.99
3445026,Vila Velha,90,BR,1603344000,88,-20.33,-40.29,75.2,5.82
4020109,Atuona,3,PF,1603343852,74,-9.8,-139.03,77.92,15.55
2110227,Butaritari,39,KI,1603343898,71,3.07,172.79,82.08,8.68
4032243,Vaini,90,TO,1603343904,78,-21.2,-175.2,73.4,8.05
3424607,Tasiilaq,100,GL,1603343933,86,65.61,-37.64,30.2,1.12
6094325,Orillia,34,CA,1603344013,97,44.61,-79.42,44.01,5.86
1640902,Kawalu,43,ID,1603344013,65,-7.38,108.21,86.41,3.51
6165406,Thompson,90,CA,1603343932,92,55.74,-97.86,23.0,3.36
3652764,Puerto Ayora,96,EC,1603343913,93,-0.74,-90.35,68.0,5.01
2338660,Yaan,97,NG,1603344014,95,7.38,8.57,73.22,5.44
3361934,Saldanha,0,ZA,1603343902,87,-33.01,17.94,48.2,4.7
5546220,Saint George,1,US,1603343858,16,37.1,-113.58,66.2,5.82
2294915,Takoradze,74,GH,1603344015,89,4.88,-1.76,77.34,6.49
3374210,São Filipe,33,CV,1603343914,73,14.9,-24.5,80.58,5.82
2541479,Nador,98,MA,1603344015,82,35.17,-2.93,68.0,4.7
1242110,Kalmunai,3,LK,1603344015,51,7.42,81.82,90.39,0.85
2014624,Udachny,90,RU,1603344016,84,66.42,112.4,3.2,2.24
6355222,Yulara,56,AU,1603343982,13,-25.24,130.99,100.4,26.4
2139521,Noumea,40,NC,1603343813,51,-22.28,166.46,86.0,13.87
2347758,Bara,14,NG,1603344017,86,10.37,10.73,70.54,1.72
964432,Port Alfred,0,ZA,1603343726,71,-33.59,26.89,66.38,6.91
102527,Sakakah,0,SA,1603344017,17,29.97,40.21,66.2,3.36
2643044,Margate,0,GB,1603343923,83,51.38,1.39,55.99,5.99
3366880,Hermanus,3,ZA,1603343725,82,-34.42,19.23,60.01,7.0
1061335,Mananjary,36,MG,1603344018,63,-21.22,48.33,76.69,3.42
777019,Vardø,75,NO,1603343638,92,70.37,31.11,30.2,3.36
1106677,Bambous Virieux,40,MU,1603343923,61,-20.34,57.76,79.0,13.87
5122534,Jamestown,90,US,1603343910,100,42.1,-79.24,52.0,4.7
2194098,Ahipara,100,NZ,1603344019,94,-35.17,173.17,59.63,7.05
4986020,Big Rapids,90,US,1603343971,93,43.7,-85.48,44.6,2.66
5969025,Haines Junction,4,CA,1603343768,81,60.75,-137.51,21.22,1.95
2022572,Khatanga,81,RU,1603343939,93,71.97,102.5,12.88,11.3
4160021,Jacksonville,75,US,1603344008,94,30.33,-81.66,75.99,6.93
415189,Aden,14,YE,1603343798,58,12.78,45.04,87.17,1.16
1626542,Sorong,60,ID,1603343842,75,-0.88,131.25,82.9,6.29
2449893,Tessalit,0,ML,1603343985,17,20.2,1.01,78.71,7.2
1732826,Mersing,40,MY,1603344021,70,2.43,103.84,87.8,5.82
1853174,Sakaiminato,75,JP,1603344021,88,35.55,133.23,64.4,11.41
3420846,Qaqortoq,29,GL,1603344021,54,60.72,-46.03,28.4,5.82
5265838,Oshkosh,90,US,1603343751,75,44.02,-88.54,41.0,3.36
2109701,Auki,88,SB,1603343949,69,-8.77,160.7,84.18,3.65
986717,Kruisfontein,0,ZA,1603343920,53,-34.0,24.73,64.2,4.12
3374083,Bathsheba,40,BB,1603343990,78,13.22,-59.52,82.4,16.11
2112802,Hasaki,75,JP,1603343918,68,35.73,140.83,72.0,5.82
5364271,Laguna,1,US,1603344023,67,38.42,-121.42,68.0,1.86
3832899,Viedma,99,AR,1603343911,74,-40.81,-63.0,54.0,1.01
5914132,Campbell River,5,CA,1603344024,75,50.02,-125.24,42.01,4.7
2208248,Kaitangata,96,NZ,1603343948,72,-46.28,169.85,57.0,3.0
967106,Oudtshoorn,75,ZA,1603344024,93,-33.59,22.2,55.4,4.7
2264557,Ponta do Sol,20,PT,1603343926,67,32.67,-17.1,62.6,5.82
1633034,Palu,41,ID,1603344024,60,-0.89,119.87,88.66,4.36
1282256,Hithadhoo,41,MV,1603343923,74,-0.6,73.08,83.05,12.91
5797693,Hoquiam,1,US,1603344025,65,46.98,-123.89,46.0,3.36
4026082,Lázaro Cárdenas,75,MX,1603343961,87,17.96,-102.2,79.97,4.0
1106643,Quatre Cocos,40,MU,1603344026,61,-20.21,57.76,79.0,13.87
1280037,Shache,0,CN,1603344026,22,38.42,77.24,65.17,2.04
2522325,Agüimes,20,ES,1603344026,77,27.91,-15.45,66.2,8.05
3139516,Sjøvegan,75,NO,1603344026,68,68.87,17.85,30.2,11.41
5855927,Hilo,1,US,1603343620,69,19.73,-155.09,78.8,3.6
515805,Oktyabr'skoye,88,RU,1603344027,93,43.06,44.74,39.2,6.71
5866583,Saint Paul Harbor,1,US,1603343924,56,57.79,-152.41,44.6,18.34
3571913,Marsh Harbour,100,BS,1603344027,76,26.54,-77.06,80.2,16.71
1807339,Huangmei,0,CN,1603344028,39,30.19,116.03,73.65,5.99
2629833,Husavik,20,IS,1603344028,86,66.04,-17.34,30.2,4.7
1786538,Yining,0,CN,1603344028,36,29.04,114.56,73.8,4.83
5848280,Kapaa,75,US,1603344028,78,22.08,-159.32,78.8,5.82
3883457,Lebu,11,CL,1603343914,86,-37.62,-73.65,46.22,15.99
3430863,Mar del Plata,64,AR,1603343998,81,-38.0,-57.56,55.0,13.87
3471451,Arraial do Cabo,22,BR,1603343948,87,-22.97,-42.03,72.3,12.68
5924351,Clyde River,1,CA,1603343930,72,70.47,-68.59,17.6,6.93
2159220,Mackay,13,AU,1603343937,45,-21.15,149.2,84.2,12.75
486413,Suksun,100,RU,1603344031,96,57.14,57.39,28.81,14.43
546105,Nikolskoye,90,RU,1603343926,93,59.7,30.79,41.0,8.95
3838859,Río Gallegos,100,AR,1603343848,81,-51.62,-69.22,44.6,3.36
934649,Cap Malheureux,28,MU,1603344028,66,-19.98,57.61,79.0,11.01
1337610,Thinadhoo,34,MV,1603343835,74,0.53,72.93,83.43,13.15
2074865,Carnarvon,0,AU,1603343927,44,-24.87,113.63,77.0,19.46
2037485,Erenhot,0,CN,1603344033,57,43.65,111.98,38.41,11.59
3443061,Chui,75,UY,1603343918,78,-33.7,-53.46,57.79,12.44
2136825,Isangel,75,VU,1603344033,70,-19.55,169.27,84.2,6.93
1263752,Māngrol,0,IN,1603344034,59,21.12,70.12,85.69,6.73
1507565,Dalmatovo,97,RU,1603344034,93,56.26,62.94,32.85,10.29
2121025,Srednekolymsk,17,RU,1603343901,90,67.45,153.68,18.32,6.17
5554428,Ketchikan,20,US,1603343911,80,55.34,-131.65,39.2,6.93
4033557,Tautira,75,PF,1603344034,78,-17.73,-149.15,78.8,3.36
6185377,Yellowknife,90,CA,1603343651,85,62.46,-114.35,23.0,8.05
2171099,Codrington,86,AU,1603344035,77,-38.27,141.97,57.38,12.33
2236568,Uíge,100,AO,1603344035,95,-7.61,15.06,67.33,1.77
5282297,Bethel,90,US,1603343981,100,41.37,-73.41,64.99,2.95
5563397,Eureka,10,US,1603343900,82,40.8,-124.16,52.0,1.99
1714733,Dingle,20,PH,1603343963,73,11.0,122.67,86.83,16.28
2094342,Kavieng,42,PG,1603344010,66,-2.57,150.8,84.72,7.18
6535469,Marmora,71,IT,1603344037,100,44.46,7.09,51.8,1.12
2094027,Kieta,61,PG,1603344030,73,-6.22,155.63,83.32,7.61
2396853,Omboué,100,GA,1603343828,90,-1.57,9.26,76.17,8.63
3458147,Mafra,49,BR,1603344037,94,-26.11,-49.81,57.0,1.99
262629,Eresós,40,GR,1603343925,72,39.17,25.93,62.6,3.36
1337617,Muli,11,MV,1603344038,78,2.92,73.57,82.51,13.4
4034551,Faanui,57,PF,1603344031,77,-16.48,-151.75,79.05,12.53
3423146,Ilulissat,100,GL,1603343985,86,69.22,-51.1,28.4,8.05
1259184,Puri,90,IN,1603344039,100,19.8,85.85,77.0,6.93
1214026,Sabang,100,ID,1603344024,75,5.89,95.32,83.12,15.21
3402000,Codó,0,BR,1603344039,89,-4.46,-43.89,72.88,3.31
293842,Kiryat Gat,0,IL,1603343909,82,31.61,34.76,70.0,3.65
2360372,Gorom-Gorom,34,BF,1603344040,28,14.44,-0.24,86.43,5.28
6113406,Prince Rupert,1,CA,1603344040,93,54.32,-130.32,37.4,8.05
4315067,Ascension,1,US,1603344040,94,30.22,-90.9,72.0,4.34
1692364,Puro,89,PH,1603344040,71,12.48,123.38,86.86,11.1
4362001,Mayo,1,US,1603343942,100,38.89,-76.51,66.2,7.02
1337612,Dhidhdhoo,100,MV,1603343935,77,6.88,73.1,82.18,12.91
3192327,Prnjavor,68,BA,1603344041,93,44.87,17.66,42.8,4.7
6180550,Whitehorse,20,CA,1603343923,66,60.72,-135.05,12.2,6.93
935214,Saint-Pierre,20,RE,1603344042,65,-21.34,55.48,80.6,23.04
1855540,Naze,75,JP,1603344042,88,28.37,129.48,78.8,17.22
3928128,Tacna,89,PE,1603344042,80,-18.01,-70.25,64.0,3.0
650946,Kotka,90,FI,1603344028,100,60.47,26.95,46.99,10.29
4726521,San Patricio,20,US,1603344031,83,28.02,-97.52,79.0,9.17
2026583,Bodaybo,99,RU,1603344043,92,57.85,114.19,31.96,4.56
2101169,Aitape,89,PG,1603344043,75,-3.14,142.35,81.72,3.09
1262067,Nalgonda,67,IN,1603344044,63,17.05,79.27,84.74,6.87
5880054,Barrow,90,US,1603343701,94,71.29,-156.79,33.8,18.34
934322,Mahébourg,40,MU,1603343930,61,-20.41,57.7,78.8,13.87
1795632,Shenjiamen,99,CN,1603344044,80,29.96,122.3,64.87,17.47
4031574,Provideniya,90,RU,1603343957,86,64.38,-173.3,41.0,8.95
1272201,Dūngarpur,20,IN,1603344045,32,23.83,73.72,89.35,6.15
3466704,Castro,39,BR,1603343900,90,-24.79,-50.01,58.66,10.49
468030,Yelat'ma,100,RU,1603344045,94,54.97,41.75,34.9,5.14
3988392,Rosarito,90,MX,1603344046,72,32.33,-117.03,66.2,2.82
2027044,Batagay,95,RU,1603344046,94,67.63,134.63,14.18,3.0
1500399,Lokosovo,100,RU,1603344046,97,61.13,74.82,30.06,4.9
167046,Maşyāf,0,SY,1603344046,68,35.07,36.34,68.0,4.7
1726449,Basco,60,PH,1603344047,85,20.45,121.97,83.97,9.93
962367,Richards Bay,39,ZA,1603344047,73,-28.78,32.04,67.93,7.83
4034188,Moerai,72,PF,1603344048,85,-22.43,-151.33,74.82,15.79
3992842,Petatlán,100,MX,1603344048,89,17.52,-101.27,77.14,2.15
2065594,Mount Isa,53,AU,1603344048,19,-20.73,139.5,96.8,11.41
5316205,Sun City West,1,US,1603343814,22,33.66,-112.34,78.01,0.6
2121197,Sinegor'ye,61,RU,1603344049,80,62.08,150.48,25.74,4.81
286621,Salalah,20,OM,1603344049,65,17.02,54.09,80.6,3.36
3628503,San Carlos,39,VE,1603344049,92,9.66,-68.58,73.87,2.39
5134295,Rome,20,US,1603344051,87,43.21,-75.46,53.6,2.73
3938451,Ilave,100,PE,1603344051,77,-16.08,-69.67,44.62,6.15
4047434,Russell,1,US,1603344052,88,32.35,-85.2,69.8,3.36
1244926,Hambantota,20,LK,1603343912,62,6.12,81.12,89.6,19.46
2180815,Tuatapere,100,NZ,1603343941,60,-46.13,167.68,59.0,3.0
3464724,Diamantino,39,BR,1603343999,62,-14.41,-56.45,76.96,1.45
5975004,High Level,75,CA,1603344052,73,58.52,-117.14,21.2,5.82
532288,Magnitogorsk,75,RU,1603343972,58,53.42,59.05,30.2,15.66
2071860,Esperance,75,AU,1603343894,82,-33.87,121.9,62.6,14.99
3448903,São João da Barra,52,BR,1603343987,87,-21.64,-41.05,72.79,11.1
5905393,Bonavista,84,CA,1603344053,84,48.65,-53.11,46.99,4.0
1519924,Kushmurun,100,KZ,1603344054,72,52.45,64.63,38.28,14.61
1630789,Pontianak,57,ID,1603344054,73,-0.03,109.33,86.16,7.43
3867427,Mayor Pablo Lagerenza,3,PY,1603344054,79,-19.93,-60.77,73.2,2.13
1715015,Dicabisagan,100,PH,1603344054,64,17.08,122.42,88.81,15.61
3893726,Constitución,0,CL,1603344017,74,-35.33,-72.42,49.8,7.99
2210554,Sirte,10,LY,1603344055,64,31.21,16.59,66.43,4.03
1863997,Fukuechō,75,JP,1603344010,93,32.69,128.84,66.2,5.82
3622716,Nicoya,100,CR,1603344056,92,10.15,-85.45,73.09,2.04
2128975,Nemuro,75,JP,1603343976,72,43.32,145.57,60.8,13.87
333795,Jijiga,0,ET,1603344056,22,9.35,42.8,72.01,3.33
5203127,New Castle,90,US,1603344056,100,41.0,-80.35,57.99,1.5
2729907,Longyearbyen,75,SJ,1603343940,68,78.22,15.64,24.8,8.05
64435,Berbera,0,SO,1603344057,49,10.44,45.01,86.23,2.89
3906466,Riberalta,100,BO,1603343790,95,-10.98,-66.1,72.46,0.6
2120048,Ust-Nera,100,RU,1603344057,89,64.57,143.2,13.91,4.45
1790863,Ziyang,51,CN,1603344058,49,29.25,117.85,73.38,5.12
5911440,Burgeo,100,CA,1603344058,94,47.62,-57.62,51.01,12.15
64814,Bandarbeyla,88,SO,1603344032,53,9.49,50.81,82.78,1.39
1814093,Dali,99,CN,1603344059,87,25.7,100.18,49.98,4.45
3186952,Zadar,0,HR,1603344060,100,44.12,15.24,44.6,4.7
7647007,Bariloche,0,AR,1603343787,83,-41.15,-71.31,43.7,3.62
3855065,General Roca,0,AR,1603344060,74,-39.03,-67.58,47.1,5.44
4034496,Fare,69,PF,1603344062,72,-16.7,-151.02,79.79,10.4
4169452,Punta Gorda,90,US,1603344062,100,26.93,-82.05,75.0,6.93
1733782,Labuan,20,MY,1603344062,70,5.28,115.24,87.8,6.93
2145554,Ulladulla,40,AU,1603344063,64,-35.35,150.47,71.6,10.29
2963295,Killybegs,98,IE,1603344063,89,54.63,-8.45,44.01,1.99
3440777,Rocha,99,UY,1603343982,76,-34.48,-54.33,56.23,9.28
2070998,Geraldton,0,AU,1603343722,53,-28.77,114.6,73.4,19.46
935215,Saint-Philippe,20,RE,1603343910,65,-21.36,55.77,80.6,23.04
779683,Hammerfest,4,NO,1603344064,79,70.66,23.68,26.6,13.87
4513583,Hamilton,90,US,1603343927,93,39.18,-84.53,62.6,3.42
264371,Athens,0,GR,1603343960,63,37.98,23.72,64.99,6.78
1637090,Lumajang,20,ID,1603344065,61,-8.13,113.22,87.17,6.49
3592086,Ocós,100,GT,1603344065,97,14.51,-92.19,66.99,1.01
77408,Bajil,66,YE,1603344065,45,15.06,43.29,88.66,1.66
5882953,Aklavik,20,CA,1603344011,78,68.22,-135.01,17.6,13.87
3407378,Aracati,10,BR,1603344066,78,-4.56,-37.77,78.46,13.58
470905,Vuktyl,100,RU,1603344066,96,63.86,57.31,22.69,11.63
1651810,Airai,33,TL,1603343774,55,-8.93,125.41,77.34,1.32
926747,Mchinji,13,MW,1603344067,51,-13.8,32.88,71.51,9.91
2276492,Harper,80,LR,1603344067,87,4.38,-7.72,76.96,5.19
1735106,George Town,40,MY,1603343738,88,5.41,100.34,80.6,4.7
1012600,Cradock,0,ZA,1603344068,41,-32.16,25.62,65.89,3.38
4500994,Burlington,1,US,1603344068,100,39.88,-74.64,63.0,3.36
2122090,Pevek,30,RU,1603343971,97,69.7,170.31,29.5,9.04
3421719,Narsaq,72,GL,1603343754,54,60.92,-46.05,28.4,5.82
556268,Ostrovnoy,64,RU,1603344027,97,68.05,39.51,26.83,4.81
1678228,Keelung,75,TW,1603344069,100,25.13,121.74,73.99,8.05
1254046,Tura,44,IN,1603343724,88,25.52,90.22,79.65,2.86
5110365,Broome,90,US,1603343969,93,42.25,-75.83,61.0,3.36
2422383,Dalaba,76,GN,1603344070,98,10.7,-12.25,60.85,2.8
2120612,Tigil',88,RU,1603343970,79,57.8,158.67,37.71,4.45
2189343,Kaeo,100,NZ,1603344071,85,-35.1,173.78,63.0,5.99
3526646,Jacala,59,MX,1603344071,100,21.02,-99.18,56.86,1.12
3382160,Cayenne,75,GF,1603343915,100,4.93,-52.33,77.0,2.24
2413419,Gunjur,36,GM,1603344071,100,13.2,-16.73,78.8,2.24
6089245,Norman Wells,90,CA,1603343907,85,65.28,-126.83,21.2,10.29
5030005,Hibbing,90,US,1603344072,86,47.43,-92.94,32.0,3.36
3441292,Paso de Carrasco,90,UY,1603344072,76,-34.86,-56.05,55.4,9.17
2177069,Ballina,75,AU,1603344073,73,-28.87,153.57,75.2,14.99
3418910,Upernavik,74,GL,1603343952,96,72.79,-56.15,23.43,2.75
4580575,Greenwood,1,US,1603343838,100,34.17,-82.12,61.0,4.05
2399001,Mayumba,100,GA,1603343959,94,-3.43,10.66,74.3,1.95
2638698,Saint Stephen,12,GB,1603344074,100,50.33,-4.9,53.6,2.24
2127060,Arman',94,RU,1603344074,79,59.7,150.17,34.68,7.07
2175819,Biloela,99,AU,1603344075,58,-24.42,150.5,78.94,10.92
2134814,Sola,66,VU,1603343985,77,-13.88,167.55,81.09,10.33
5374920,Morro Bay,1,US,1603344075,95,35.37,-120.85,60.01,1.43
5354943,Half Moon Bay,1,US,1603344076,72,37.46,-122.43,64.4,3.36
2123814,Leningradskiy,100,RU,1603344001,91,69.38,178.42,33.06,0.74
1260045,Patti,0,IN,1603344076,61,31.28,74.86,77.0,6.53
3374333,Praia,20,CV,1603343923,78,14.92,-23.51,78.8,16.11
2178753,Kirakira,28,SB,1603343997,67,-10.45,161.92,84.24,5.57
1528998,Yumen,0,CN,1603344077,26,40.28,97.2,60.31,14.0
5392593,San Ramon,1,US,1603343926,42,37.78,-121.98,66.2,4.7
5367788,Lompoc,90,US,1603344053,87,34.64,-120.46,59.0,1.39
6096551,Pangnirtung,100,CA,1603344049,94,66.15,-65.71,25.21,3.62
653252,Kempele,90,FI,1603344078,97,64.91,25.5,33.8,10.29
1159362,Torbat-e Jām,0,IR,1603344079,51,35.24,60.62,58.06,13.62
506763,Polyarny,75,RU,1603344079,92,69.2,33.45,10.4,5.23
1490256,Talnakh,40,RU,1603343980,92,69.49,88.4,10.4,6.71
3155152,Gravdal,75,NO,1603344079,69,68.12,13.5,33.8,8.05
933995,Souillac,40,MU,1603343972,61,-20.52,57.52,78.8,13.87
4414200,West Plains,4,US,1603343750,88,36.73,-91.85,66.2,3.36
1486321,Yar-Sale,95,RU,1603344080,96,66.83,70.83,19.24,13.71
5388564,Rohnert Park,20,US,1603343845,76,38.34,-122.7,61.0,0.87
107304,Buraidah,0,SA,1603343911,42,26.33,43.98,62.6,4.7
1215502,Banda Aceh,100,ID,1603344081,60,5.56,95.32,86.86,12.53
1503527,Khovu-Aksy,48,RU,1603344081,70,51.13,93.6,37.87,6.29
1529651,Altay,0,CN,1603344082,33,47.87,88.12,55.53,4.54
577450,Berdyaush,100,RU,1603344082,93,55.16,59.15,26.74,13.11
5767918,Pierre,90,US,1603344082,89,44.37,-100.35,33.01,12.75
863061,Usinsk,31,RU,1603344082,97,65.99,57.53,21.85,9.71
5557293,Sitka,1,US,1603344039,47,57.05,-135.33,33.8,4.7
779622,Havøysund,6,NO,1603344083,79,71.0,24.66,32.0,13.87
2185329,Otane,59,NZ,1603344083,68,-39.88,176.63,64.99,10.0
583683,Aksarayskiy,100,RU,1603344083,65,46.79,48.01,44.6,2.24
3373652,Oistins,40,BB,1603344084,78,13.07,-59.53,82.4,16.11
5972762,Hay River,75,CA,1603343993,73,60.82,-115.8,24.8,13.87
335286,Hāgere Selam,88,ET,1603344084,98,6.48,38.52,53.38,3.51
2647984,Great Yarmouth,18,GB,1603344085,97,52.61,1.73,55.0,11.99
1516048,Khovd,0,MN,1603344053,53,48.01,91.64,43.29,3.02
2094746,Kandrian,73,PG,1603344086,68,-6.22,149.55,85.24,4.41
3134327,Tonstad,100,NO,1603344086,97,58.66,6.72,52.0,4.45
1002145,George,75,ZA,1603344086,93,-33.96,22.46,55.4,4.7
3377301,Mabaruma,86,GY,1603344087,93,8.2,-59.78,76.5,2.66
3416888,Grindavik,90,IS,1603343912,81,63.84,-22.43,42.8,26.4
525426,Sobolevo,99,RU,1603344087,93,54.43,31.9,41.09,9.55
2873289,Marktredwitz,58,DE,1603344087,88,50.01,12.08,48.99,1.01
1503153,Klyuchi,100,RU,1603343935,61,52.27,79.17,46.08,18.63
2100765,Angoram,66,PG,1603344088,65,-4.06,144.07,86.47,5.28
3675452,Maní,40,CO,1603344088,94,4.82,-72.29,73.9,4.21
3355672,Lüderitz,81,NA,1603343908,83,-26.65,15.16,58.78,19.08
1062663,Mahajanga,20,MG,1603343974,39,-15.72,46.32,84.2,14.99
3945985,Camaná,85,PE,1603344089,76,-16.62,-72.71,63.09,6.13
2064735,Nhulunbuy,40,AU,1603344089,55,-12.23,136.77,87.8,12.75
4377835,Bolivar,26,US,1603343996,88,37.61,-93.41,69.01,7.0
2527087,Tiznit Province,100,MA,1603344002,72,29.58,-9.5,62.2,4.63
2137773,Vao,0,NC,1603344007,87,-22.67,167.48,73.8,14.94
2641598,Newport,81,GB,1603343973,98,51.59,-3.0,53.01,9.66
2173125,Burnie,81,AU,1603344091,67,-41.07,145.92,57.78,5.35
2017155,Saskylakh,8,RU,1603344091,94,71.92,114.08,6.64,7.47
2214827,Mizdah,0,LY,1603344092,86,31.45,12.98,53.56,6.26
3981391,Tomatlán,91,MX,1603344092,90,19.93,-105.25,78.85,0.96
5364022,La Palma,90,US,1603344092,72,33.85,-118.05,68.0,4.99
2640377,Penzance,1,GB,1603344092,93,50.12,-5.54,53.6,6.93
1246294,Galle,6,LK,1603343867,79,6.04,80.22,82.81,14.12
2156643,Mount Gambier,100,AU,1603343989,55,-37.83,140.77,66.2,6.93
2346995,Biu,1,NG,1603344093,27,10.61,12.19,69.01,2.62
3653523,Palora,100,EC,1603344093,95,-1.7,-77.93,64.74,2.48
2618795,Klaksvík,89,FO,1603344051,64,62.23,-6.59,32.0,1.12
1006984,East London,0,ZA,1603343902,72,-33.02,27.91,66.2,10.29
1626493,Srandakan,60,ID,1603344094,67,-7.94,110.25,85.19,11.92
2141714,Bourail,23,NC,1603344094,58,-21.57,165.48,80.17,3.36
1489656,Teya,100,RU,1603344095,70,60.38,92.63,42.33,7.52
1055059,Tsaratanana,6,MG,1603344095,53,-16.78,47.65,75.29,14.34
1511709,Alzamay,100,RU,1603344095,64,55.56,98.66,45.82,5.77
533916,Loyga,42,RU,1603344096,99,61.08,44.61,26.33,5.48
1731248,Alugan,47,PH,1603344096,66,12.22,125.48,87.21,10.02
3465329,Coruripe,43,BR,1603344096,87,-10.13,-36.18,75.0,8.55
5920381,Chase,0,CA,1603344097,95,50.82,-119.69,30.99,3.47
1488903,Turukhansk,100,RU,1603343966,97,65.82,87.98,21.13,4.65
4588165,Mt. Pleasant,90,US,1603344044,100,32.79,-79.86,73.0,9.84
3163146,Andenes,93,NO,1603344018,64,69.31,16.12,35.6,11.41
2119283,Zyryanka,41,RU,1603344098,91,65.75,150.85,21.09,13.09
601551,Akdepe,60,TM,1603344098,61,42.06,59.38,46.4,4.7
3899695,Ancud,18,CL,1603343922,93,-41.87,-73.82,39.99,3.36
2181625,Te Anau,100,NZ,1603343971,71,-45.42,167.72,52.41,5.08
1805733,Jinchang,0,CN,1603344030,30,38.5,102.17,57.27,11.12
1631637,Pemangkat,63,ID,1603344069,69,1.17,108.97,85.57,12.06
1082243,Ambilobe,5,MG,1603344012,42,-13.2,49.05,85.89,4.12
3837702,San Fernando del Valle de Catamarca,10,AR,1603343848,90,-28.47,-65.79,68.0,1.99
2027002,Bayangol,0,RU,1603344099,62,50.7,103.47,40.28,2.91
554830,Izhma,93,RU,1603344100,96,65.01,53.91,22.26,6.49
2015306,Tiksi,100,RU,1603343907,95,71.69,128.87,13.17,5.5
2158767,Mareeba,40,AU,1603344100,58,-17.0,145.43,84.2,13.87
3391889,Pitimbu,74,BR,1603344101,82,-7.47,-34.81,78.28,10.92
5563839,Fortuna,1,US,1603343993,87,40.6,-124.16,52.0,10.29
5855051,‘Ewa Beach,90,US,1603344101,88,21.32,-158.01,77.0,3.36
1502073,Krasnosel'kup,82,RU,1603343901,98,65.7,82.47,18.97,3.38
1337607,Kudahuvadhoo,3,MV,1603344102,79,2.67,72.89,82.24,12.41
2172797,Cairns,40,AU,1603344035,58,-16.92,145.77,84.2,13.87
1855612,Nara,75,JP,1603344103,64,34.69,135.8,72.0,10.29
2125711,Esso,66,RU,1603344103,93,55.93,158.7,32.23,2.28
2152659,Port Macquarie,88,AU,1603344103,60,-31.43,152.92,73.0,1.99
1529376,Korla,0,CN,1603343965,27,41.76,86.15,61.86,2.66
3894426,Coyhaique,2,CL,1603343973,80,-45.58,-72.07,39.2,2.24
3609293,Guanaja,34,HN,1603344104,72,16.4,-85.9,82.65,5.3
1791779,Wanning,70,CN,1603343907,64,18.8,110.4,78.96,15.73
2122104,Petropavlovsk-Kamchatskiy,0,RU,1603343985,30,53.05,158.65,53.6,4.47
3466165,Cidreira,100,BR,1603344105,88,-30.18,-50.21,65.34,17.63
3932145,Pisco,4,PE,1603343942,82,-13.7,-76.22,62.6,9.17
2067089,Maningrida,76,AU,1603344053,43,-12.07,134.27,91.02,11.7
1235846,Matara,5,LK,1603343979,73,5.95,80.54,84.09,13.67
1634614,Nabire,63,ID,1603344106,68,-3.37,135.48,85.17,4.36
2013465,Verkhoyansk,93,RU,1603344106,94,67.54,133.38,14.11,3.91
3452900,Porto Belo,32,BR,1603344106,73,-27.16,-48.55,72.0,4.76
3665199,Ariquemes,100,BR,1603343886,93,-9.91,-63.04,73.65,1.72
1180289,Dera Ghazi Khan,0,PK,1603344107,13,30.06,70.63,86.07,3.56
3356264,Keetmanshoop,77,NA,1603344108,18,-26.58,18.13,73.47,12.64
3356832,Henties Bay,5,NA,1603343964,86,-22.12,14.28,61.0,3.0
172515,Abu Samrah,0,SY,1603344108,76,35.3,37.18,66.29,6.93
3408064,Remanso,1,BR,1603344109,48,-9.62,-42.08,78.13,8.88
2656847,Atherton,74,GB,1603344109,72,53.52,-2.49,51.01,7.0
2122493,Omsukchan,0,RU,1603344109,92,62.53,155.8,17.44,7.25
5962442,Goderich,54,CA,1603344110,76,43.75,-81.72,54.0,5.95
3691175,Trujillo,64,PE,1603344009,85,-8.12,-79.03,62.92,7.2
884814,Mvuma,99,ZW,1603344111,72,-19.28,30.53,64.54,11.01
178093,Witu,90,KE,1603344111,78,-2.39,40.44,82.4,11.41
778707,Mehamn,0,NO,1603344111,92,71.04,27.85,21.2,3.36
2022773,Khandyga,100,RU,1603344112,94,62.67,135.6,22.39,4.76
261814,Koutsouras,57,GR,1603344112,71,35.03,25.95,64.99,4.0
477579,Uyemskiy,75,RU,1603344113,92,64.47,40.85,24.8,3.13
1276600,Behat,40,IN,1603344113,60,30.17,77.62,71.6,2.84
4094455,Tuscaloosa,1,US,1603344114,93,33.21,-87.57,68.0,4.81
160677,Chake Chake,61,TZ,1603344114,70,-5.25,39.77,81.9,6.62
1185239,Mathbaria,100,BD,1603344114,96,22.29,89.96,73.78,13.96
2374583,Bubaque,91,GW,1603343887,82,11.28,-15.83,81.5,8.68
3420768,Qasigiannguit,93,GL,1603344115,86,68.82,-51.19,28.4,8.05
161901,Kaka,10,TM,1603344116,36,37.35,59.61,58.48,2.15
1806408,Yangjiang,70,CN,1603344117,48,21.85,111.97,81.0,12.28
2610343,Vestmanna,41,FO,1603344117,76,62.16,-7.17,32.0,1.12
5666176,Miles City,90,US,1603344118,86,46.41,-105.84,33.8,11.41
1267390,Kavaratti,40,IN,1603344000,74,10.57,72.64,84.2,9.17
5983720,Iqaluit,90,CA,1603343923,93,63.75,-68.51,32.0,4.7
564579,Dubovyy Umët,40,RU,1603344119,59,52.98,50.29,33.8,4.47
1651591,Amahai,43,ID,1603344119,75,-3.33,128.92,83.7,5.66
2214432,Nālūt,0,LY,1603344119,48,30.33,10.85,61.61,16.69
4032369,Pangai,75,TO,1603344119,73,-19.8,-174.35,75.2,12.75
1049261,Chimoio,75,MZ,1603344120,100,-19.12,33.48,68.0,12.75
3533462,Acapulco de Juárez,40,MX,1603343845,83,16.86,-99.89,79.27,4.18
5820705,Casper,90,US,1603344121,100,42.87,-106.31,37.99,9.17
370510,Marabba,15,SD,1603344121,55,12.35,32.18,84.2,6.69
1787858,Shangrao,87,CN,1603344122,58,28.45,117.97,68.36,4.97
3336897,La Rioja,20,ES,1603344122,87,42.25,-2.5,55.99,2.24
466423,Yurino,75,RU,1603344123,94,56.29,46.3,32.0,8.95
5017822,Bemidji,40,US,1603344000,92,47.47,-94.88,26.6,3.36
3402648,Carutapera,53,BR,1603343831,82,-1.2,-46.02,77.49,6.93
2018735,Nyurba,84,RU,1603344006,92,63.28,118.33,20.73,5.59
3904906,Santa Cruz de la Sierra,38,BO,1603344000,88,-17.8,-63.17,75.2,3.36
3936088,Lluta,100,PE,1603344124,44,-16.01,-72.01,55.13,2.93
5746545,Portland,15,US,1603343804,79,45.52,-122.68,46.0,5.26
1712961,Gigmoto,93,PH,1603344124,68,13.78,124.39,86.59,10.89
86049,Jalu,0,LY,1603344026,75,29.03,21.55,58.53,5.37
3105522,Bereda,3,ES,1603344125,95,43.27,-7.54,48.99,5.99
108410,Riyadh,0,SA,1603343962,31,24.69,46.72,64.4,3.36
1610538,Kabin Buri,36,TH,1603344125,55,13.95,101.72,84.43,4.7
4920986,Griffith,90,US,1603344125,93,41.53,-87.42,50.0,6.93
3421193,Paamiut,0,GL,1603343933,85,61.99,-49.67,31.77,20.78
6148373,Sioux Lookout,75,CA,1603343963,92,50.1,-91.92,30.2,5.82
507291,Polessk,66,RU,1603344126,81,54.86,21.1,51.8,11.18
902721,Mwense,89,ZM,1603344126,68,-10.38,28.7,73.89,3.51
3354071,Oranjemund,86,NA,1603343927,79,-28.55,16.43,60.48,19.95
2212771,Şabrātah,0,LY,1603344127,59,32.79,12.49,65.75,6.55
6255012,Flinders,40,AU,1603343914,64,-34.58,150.86,80.01,10.29
2315026,Kasongo-Lunda,98,CD,1603344127,92,-6.47,16.82,70.38,0.16
702878,Lokachi,70,UA,1603344128,98,50.74,24.65,46.0,15.01
3386213,Touros,90,BR,1603343984,100,-5.2,-35.46,75.2,4.7
3401148,Cururupu,15,BR,1603344053,88,-1.83,-44.87,74.97,3.98
2084442,Vanimo,99,PG,1603344057,66,-2.67,141.3,81.82,6.35
1259395,Porbandar,92,IN,1603344129,74,21.64,69.61,84.2,11.41
3987619,San Bartolo,40,MX,1603344129,66,19.18,-100.05,60.01,5.55
3405215,Bonfim,30,BR,1603343908,55,3.08,-59.95,81.36,5.77
3391287,Prainha,25,BR,1603344130,70,-1.8,-53.48,79.74,5.64
3380290,Sinnamary,20,GF,1603344130,84,5.38,-52.95,79.47,9.04
3439208,Capiíbary,80,PY,1603344130,71,-24.8,-56.03,71.47,3.98
1512019,Aksarka,99,RU,1603343923,96,66.56,67.8,16.88,11.54
614897,Khulo,0,GE,1603344131,82,41.64,42.31,57.2,13.87
3372760,Praia da Vitória,75,PT,1603344114,67,38.73,-27.07,62.6,16.4
3128760,Barcelona,20,ES,1603343864,93,41.39,2.16,68.0,8.05
2514651,Los Llanos de Aridane,20,ES,1603344132,63,28.66,-17.92,66.2,8.05
4231997,Avera,1,US,1603344017,80,33.19,-82.53,68.0,4.7
64013,Bosaso,20,SO,1603344133,74,11.28,49.18,84.2,4.7
2036734,Huangnihe,0,CN,1603344133,62,43.56,128.02,41.85,8.95
110690,Faya,88,SA,1603344133,19,18.39,42.45,64.4,4.7
648855,Lapua,100,FI,1603344133,99,62.97,23.01,43.0,4.99
2219235,Ubari,0,LY,1603344134,53,26.59,12.78,66.07,8.46
352628,Maţāy,0,EG,1603344134,74,28.42,30.78,70.0,8.34
3395458,Maragogi,19,BR,1603343913,88,-9.01,-35.22,75.49,8.55
3663516,Mâncio Lima,99,BR,1603344135,98,-7.61,-72.9,71.64,1.45
491281,Sokol,91,RU,1603344136,97,59.46,40.12,29.41,4.0
1489246,Troitsk,87,RU,1603344136,85,54.1,61.58,32.43,15.01
4589446,North Myrtle Beach,1,US,1603344136,94,33.82,-78.68,69.8,4.7
6149374,Slave Lake,90,CA,1603344137,78,55.28,-114.77,17.6,14.99
5601615,Mountain Home,75,US,1603344137,31,43.13,-115.69,46.4,16.11
2339354,Ibadan,40,NG,1603344137,98,7.39,3.9,73.09,1.83
2034655,Suihua,0,CN,1603344137,61,46.64,127.0,40.24,10.94
2172880,Byron Bay,75,AU,1603344092,73,-28.65,153.62,75.2,14.99
3404558,Cabedelo,84,BR,1603344138,84,-6.98,-34.83,77.92,10.6
3414079,Olafsvik,100,IS,1603343903,83,64.89,-23.71,39.54,24.11
713676,Oleksandrivka,99,UA,1603344138,87,46.84,32.76,55.4,6.71
6182962,Windsor,90,CA,1603344139,100,42.3,-83.02,51.01,5.82
3572906,Andros Town,75,BS,1603344139,94,24.7,-77.77,77.0,5.82
519062,Novoanninskiy,100,RU,1603344139,76,50.53,42.67,39.99,1.99
210379,Lusambo,11,CD,1603344140,91,-4.97,23.45,70.48,1.32
1510689,Baykit,100,RU,1603344140,88,61.67,96.37,38.23,5.59
3984997,San Quintín,10,MX,1603343944,85,30.48,-115.95,64.62,5.1
1067565,Beloha,0,MG,1603343950,45,-25.17,45.05,79.03,9.91
6173220,Valleyview,84,CA,1603344141,91,55.07,-117.29,15.01,3.96
3421982,Maniitsoq,100,GL,1603344142,96,65.42,-52.9,26.38,9.55
6690296,Saint-Joseph,20,RE,1603343906,65,-21.37,55.62,80.6,23.04
3407762,Amapá,5,BR,1603344142,98,1.0,-52.0,71.19,2.08
2176639,Batemans Bay,44,AU,1603344142,85,-35.72,150.18,64.99,3.0
2160517,Launceston,75,AU,1603344020,67,-41.45,147.17,64.0,9.17
3652758,Puerto Baquerizo Moreno,96,EC,1603344008,85,-0.9,-89.6,68.61,11.14
1516589,Zhezkazgan,12,KZ,1603344011,53,47.8,67.71,44.76,18.84
2303611,Esim,63,GH,1603344143,88,4.87,-2.24,77.95,7.09
3860443,Comodoro Rivadavia,0,AR,1603344143,51,-45.87,-67.5,60.8,17.22
3839982,Punta Alta,90,AR,1603344104,74,-38.88,-62.07,53.89,11.97
3428068,San Vicente,3,AR,1603344025,73,-26.62,-54.13,66.58,4.76
686090,Asău,100,RO,1603344048,59,46.43,26.4,51.01,7.92
769250,Kielce,57,PL,1603343948,1,50.87,20.63,48.0,7.85
5067114,Douglas,90,US,1603344049,100,41.3,-96.17,45.0,12.75
2012530,Zhigansk,87,RU,1603343930,96,66.77,123.37,19.11,10.02
3664716,Canutama,90,BR,1603344059,92,-6.53,-64.38,74.95,1.83
1283217,Khanbari,0,NP,1603344146,39,27.37,87.2,80.94,3.87
6050066,La Ronge,90,CA,1603344007,79,55.1,-105.28,19.4,4.7
2024626,Dzhebariki-Khaya,100,RU,1603344146,96,62.22,135.8,22.91,6.69
112656,Tonekābon,75,IR,1603344146,88,36.82,50.87,64.4,4.7
1275572,Bindki,0,IN,1603344147,27,26.03,80.6,86.07,0.43
876177,Luau,100,AO,1603344147,87,-10.71,22.22,67.3,3.2
2396518,Port-Gentil,96,GA,1603344125,85,-0.72,8.78,78.15,11.99
3571592,Rock Sound,63,BS,1603343919,73,24.9,-76.2,80.74,17.38
584791,Ucar,40,AZ,1603344148,87,40.52,47.65,50.0,4.12
3160100,Beian,40,NO,1603344148,100,63.66,9.57,34.0,3.36
3441354,Pando,90,UY,1603344149,76,-34.72,-55.95,55.4,9.17
3919720,Colquechaca,65,BO,1603344149,100,-18.67,-66.02,36.95,2.77
70979,Sayyan,54,YE,1603343935,34,15.17,44.32,58.41,5.53
3470137,Belmonte,75,BR,1603344022,78,-15.86,-38.88,77.0,9.17
3628473,San Cristobal,76,VE,1603344034,87,7.77,-72.22,65.73,2.59
3386177,Trairi,76,BR,1603344150,79,-3.28,-39.27,79.52,12.12
1510377,Belyy Yar,91,RU,1603344150,57,53.6,91.39,37.4,5.86
748167,Devrek,0,TR,1603344150,60,41.22,31.96,59.25,2.57
477940,Ust-Tsilma,7,RU,1603344151,97,65.44,52.15,21.85,3.85
2015701,Taksimo,67,RU,1603344151,82,56.34,114.88,29.01,1.07
470304,Vysha,77,RU,1603344151,92,53.85,42.38,35.46,4.7
6620339,Karratha,17,AU,1603344151,25,-20.74,116.85,89.87,18.45
552465,Kargopol',82,RU,1603343985,98,61.51,38.95,26.37,4.32
1524801,Shīeli,34,KZ,1603344152,55,44.17,66.75,52.36,14.16
5072006,Lincoln,90,US,1603344152,93,40.8,-96.67,46.4,9.17
4035249,Lufilufi,90,WS,1603344153,94,-13.87,-171.6,77.0,4.7
1737486,Bintulu,40,MY,1603343872,70,3.17,113.03,87.8,9.17
2987913,Arrondissement de Perpignan,75,FR,1603344153,93,42.75,2.75,63.0,5.82
2021017,Kysyl-Syr,69,RU,1603344038,94,63.9,122.76,22.05,4.83
3173630,Melendugno,40,IT,1603344154,100,40.27,18.34,46.4,5.91
2013258,Vrangel',0,RU,1603344154,64,42.73,133.08,59.81,10.89
2450173,Taoudenni,17,ML,1603344154,20,22.68,-3.98,74.37,3.22
7671223,Kloulklubed,90,PW,1603344155,74,7.04,134.26,84.2,10.29
1160571,Khāsh,0,IR,1603344155,17,28.22,61.22,68.16,8.52
8079926,Labuhan,76,ID,1603344049,56,-6.88,112.21,89.37,6.8
2138285,Tadine,15,NC,1603344155,79,-21.55,167.88,76.44,12.37
1631766,Pekalongan,35,ID,1603344156,61,-6.89,109.68,73.0,6.13
2162683,Innisfail,16,AU,1603344016,65,-17.53,146.03,79.88,8.81
2028164,Deputatsky,100,RU,1603344008,96,69.3,139.9,9.46,2.26
2524170,Messina,20,IT,1603343889,93,38.19,15.55,61.0,1.12
3887344,Illapel,4,CL,1603344157,73,-31.63,-71.17,51.75,1.57
511794,Pechora,92,RU,1603344157,95,65.15,57.22,21.67,9.08
1650434,Bambanglipuro,61,ID,1603344157,66,-7.95,110.28,85.5,11.88
3094585,Kruszwica,5,PL,1603344158,81,52.68,18.33,53.01,8.99
3616726,San Juan del Sur,98,NI,1603344158,87,11.25,-85.87,77.09,7.45
2173323,Bundaberg,75,AU,1603344158,57,-24.85,152.35,79.0,14.99
1337619,Ugoofaaru,92,MV,1603344159,77,5.67,73.0,82.45,13.02
2654970,Brae,99,GB,1603343970,61,60.4,-1.35,46.4,18.34
1539209,Gubkinskiy,34,RU,1603344159,97,64.43,76.5,19.38,8.08
2222230,Sangmélima,100,CM,1603344159,99,2.93,11.98,66.06,1.74
2209055,Waddān,0,LY,1603344160,76,29.16,16.14,57.83,7.7
1636308,Manokwari,84,ID,1603344160,67,-0.87,134.08,84.74,7.54
3451138,Rio Grande,98,BR,1603343882,86,-32.03,-52.1,63.0,5.01
1254709,Tezu,0,IN,1603343947,42,27.92,96.17,87.78,2.98
474370,Verkhoshizhem'ye,98,RU,1603344161,95,58.01,49.1,30.43,9.19
2128382,Rumoi,53,JP,1603344162,66,43.93,141.64,62.87,10.36
932987,Tsabong,1,BW,1603344162,43,-26.02,22.4,74.05,25.5
4301317,Morehead,40,US,1603344162,88,37.27,-87.18,64.4,4.72
2537881,Safi,100,MA,1603344162,80,32.3,-9.24,67.12,11.77
3599633,Atescatempa,98,GT,1603344163,93,14.17,-89.74,68.36,1.23
3181526,Province of Brindisi,59,IT,1603343865,87,40.58,17.67,50.0,6.93
1786657,Yinchuan,0,CN,1603344163,34,38.47,106.27,52.11,2.95
1624041,Ternate,99,ID,1603344163,73,0.8,127.4,83.84,7.29
5703673,Elko,1,US,1603344164,48,41.0,-115.5,48.0,2.1
1253237,Verāval,0,IN,1603344164,62,20.9,70.37,86.11,7.29
4486983,Bowmore,1,US,1603344164,93,34.94,-79.3,66.2,4.79
3691582,Talara,3,PE,1603344165,81,-4.58,-81.27,66.34,13.27
1787031,Yanzhou,0,CN,1603344165,22,35.55,116.83,67.78,9.51
2112309,Katsuura,87,JP,1603344165,51,35.13,140.3,73.0,13.78
6144312,Sept-Îles,90,CA,1603343973,100,50.2,-66.38,37.4,10.29
3407703,Amontada,8,BR,1603344166,84,-3.36,-39.83,76.57,6.35
1526041,Atasū,28,KZ,1603344166,56,48.68,71.64,43.95,19.39
1498402,Mortka,59,RU,1603344166,96,59.33,66.02,29.8,4.88
2186111,Ngunguru,91,NZ,1603344167,85,-35.62,174.5,63.0,5.99
2377457,Nouadhibou,0,MR,1603344167,88,20.93,-17.03,69.8,10.29
4562996,Cabo Rojo,63,PR,1603344098,87,18.09,-67.15,79.0,1.01
2068110,Kununurra,40,AU,1603344168,33,-15.77,128.73,100.4,5.82
88533,Awjilah,0,LY,1603344168,76,29.11,21.29,59.18,7.65
3468234,Caiapônia,64,BR,1603344168,73,-16.96,-51.81,72.23,2.59
338554,Dubti,7,ET,1603344168,18,11.74,41.09,88.23,2.51
3137469,Sørland,75,NO,1603344169,69,67.67,12.69,33.8,8.05
2123628,Magadan,85,RU,1603344169,82,59.57,150.8,34.03,10.33
4036284,Alofi,88,NU,1603343987,94,-19.06,-169.92,75.2,17.22
2012593,Zeya,99,RU,1603344169,91,53.75,127.27,30.43,7.63
2122574,Ola,62,RU,1603344170,79,59.58,151.28,35.02,8.88
696292,Prymors'k,98,UA,1603344170,71,46.73,36.34,56.1,6.98
6137462,Saint-Augustin,100,CA,1603344170,95,51.23,-58.65,38.95,15.59
2317397,Bandundu Province,92,CD,1603344170,93,-3.32,17.37,71.53,2.19
4845585,Westport,90,US,1603344072,100,41.14,-73.36,64.99,4.7
3347019,Mossamedes,33,AO,1603343932,82,-15.2,12.15,69.76,1.03
3691348,Tingo María,47,PE,1603344171,83,-9.29,-76.01,67.12,1.92
3389462,Santa Maria da Boa Vista,73,BR,1603344171,80,-8.81,-39.83,71.78,13.13
1253132,Vīrarājendrapet,75,IN,1603344172,88,12.2,75.8,77.0,2.24
2191562,Dunedin,100,NZ,1603344172,73,-45.87,170.5,57.0,10.94
1854905,Numata,100,JP,1603344172,72,36.63,139.05,64.0,4.0
5554072,Juneau,1,US,1603344173,80,58.3,-134.42,32.0,6.93
5380437,Pacific Grove,1,US,1603343992,87,36.62,-121.92,57.2,3.36
1151073,Prachuap Khiri Khan,75,TH,1603343956,70,12.22,99.75,86.0,8.05
3393106,Paragominas,59,BR,1603344173,90,-2.97,-47.48,72.3,3.04
1496073,Orlik,28,RU,1603344174,77,52.52,99.83,35.26,2.77
1791464,Wenling,100,CN,1603344174,69,28.37,121.36,69.01,15.95
3133983,Trofors,75,NO,1603344128,92,65.53,13.41,30.2,2.24
1856392,Muroto-misakicho,75,JP,1603344174,78,33.28,134.15,71.6,8.05
2630299,Hofn,81,IS,1603344175,78,64.25,-15.21,37.09,5.44
2177091,Ballarat,88,AU,1603343895,52,-37.57,143.85,69.01,3.0
2119538,Yelizovo,0,RU,1603344176,30,53.19,158.38,53.6,4.47
3652257,Rosa Zarate,84,EC,1603344176,89,0.33,-79.47,71.02,1.99
215771,Isiro,94,CD,1603344176,98,2.77,27.62,68.02,1.74
5970478,Harbour Breton,93,CA,1603344177,100,47.48,-55.8,54.0,5.01
5935804,Dawson Creek,90,CA,1603344177,66,55.77,-120.24,15.8,2.24
2015352,Terney,52,RU,1603344177,72,45.05,136.61,58.05,5.95
1493155,Samagaltay,38,RU,1603344178,63,50.6,95.0,40.3,7.78
3517970,Pochutla,58,MX,1603343993,89,15.74,-96.47,75.0,3.42
1804645,Kunyang,100,CN,1603344178,71,27.67,120.57,64.27,6.04
1529484,Kumul,0,CN,1603344179,21,42.8,93.45,67.73,4.81
335035,Harar,16,ET,1603344179,29,9.31,42.13,69.51,0.54
1271113,Godda,8,IN,1603344179,62,24.83,87.22,87.03,6.85
780687,Berlevåg,15,NO,1603344027,85,70.86,29.09,23.0,10.09
1568574,Qui Nhon,99,VN,1603344057,71,13.77,109.23,80.56,13.71
5026416,Fergus Falls,75,US,1603344180,86,46.28,-96.08,28.4,4.92
576093,Blagoyevo,42,RU,1603344180,98,63.37,47.92,21.49,3.94
3855075,General Pico,99,AR,1603344180,96,-35.66,-63.76,54.79,10.58
2092164,Lorengau,89,PG,1603343909,75,-2.02,147.27,83.32,2.37
1258338,Ratnagiri,0,IN,1603344181,75,16.98,73.3,83.86,5.73
3687238,Cartagena,40,CO,1603344093,100,10.4,-75.51,80.6,4.7
1005768,Ellisras,0,ZA,1603344181,63,-23.66,27.74,65.05,11.1
2122605,Okhotsk,100,RU,1603343971,92,59.38,143.3,36.45,31.45
2035601,Mergen,0,CN,1603344182,62,49.18,125.22,37.94,13.31
3381538,Grand-Santi,55,GF,1603344182,97,4.25,-54.38,71.49,2.42
244878,Biltine,80,TD,1603344182,16,14.53,20.92,78.98,12.21
1721720,Cabatuan,12,PH,1603343926,73,10.88,122.49,86.04,15.5
2088163,Popondetta,54,PG,1603344035,59,-8.75,148.25,88.16,6.17
124665,Mashhad,75,IR,1603343907,71,36.3,59.61,53.6,9.17
5003369,New Baltimore,40,US,1603344184,100,42.68,-82.74,48.99,3.83
2249281,Linguère,23,SN,1603344184,24,15.4,-15.12,77.85,2.44
722849,Apátfalva,60,HU,1603344184,87,46.17,20.58,45.0,8.05
3598825,Chahal Guatemala,69,GT,1603343887,84,15.75,-89.57,72.46,2.19
5742974,North Bend,1,US,1603344185,81,43.41,-124.22,48.99,5.82
934479,Grand Gaube,30,MU,1603344185,66,-20.01,57.66,79.0,11.01
473910,Vetluga,79,RU,1603344185,95,57.86,45.78,29.84,6.6
1028434,Quelimane,75,MZ,1603344042,88,-17.88,36.89,73.4,9.17
2449066,Tombouctou,0,ML,1603344186,18,20.0,-3.0,81.66,7.27
3092472,Malbork,50,PL,1603344186,100,54.04,19.03,51.01,15.64
3460901,Itaguaçu,69,BR,1603344186,89,-19.8,-40.86,70.75,1.99
1506676,Gari,90,RU,1603344187,98,59.43,62.35,29.68,8.19
3987500,San Buenaventura,6,MX,1603344187,64,27.08,-101.53,75.4,3.04
364071,Wad Rāwah,0,SD,1603344187,30,15.16,33.14,83.86,11.05
3461789,Guarujá,6,BR,1603344188,26,-23.99,-46.26,73.99,6.2
3871336,Santiago,0,CL,1603344188,71,-33.46,-70.65,57.99,5.82
3141332,Røros,75,NO,1603344188,95,62.57,11.38,33.8,3.36
1639362,Kresek,40,ID,1603344189,59,-6.13,106.38,97.0,14.99
3460148,Januária,100,BR,1603344189,83,-15.48,-44.37,72.73,2.04
5710360,Winnemucca,1,US,1603344189,40,40.97,-117.74,51.8,5.82
1804879,Kaifeng,0,CN,1603344190,21,34.79,114.35,68.0,2.24
1835848,Seoul,1,KR,1603344112,52,37.57,126.98,68.0,4.7
1812381,Dongli,75,CN,1603344190,61,23.57,116.82,77.0,11.18
779554,Honningsvåg,20,NO,1603344010,87,70.98,25.97,32.0,8.05
5166819,Piqua,70,US,1603344191,97,40.14,-84.24,60.01,4.79
3840300,Presidencia Roque Sáenz Peña,53,AR,1603344191,60,-26.79,-60.44,78.84,2.77
2278158,Buchanan,75,LR,1603344192,94,5.88,-10.05,75.2,2.24
1056899,Sambava,77,MG,1603343921,67,-14.27,50.17,78.49,16.62
6164499,The Pas,90,CA,1603344192,73,53.83,-101.25,26.6,8.05
1489822,Tegul'det,100,RU,1603344192,60,57.31,88.17,46.42,12.44
1173889,Khipro,0,PK,1603344192,10,25.83,69.38,92.89,6.78
4280539,Topeka,90,US,1603344193,93,39.05,-95.68,48.2,6.93
2025241,Churapcha,99,RU,1603344193,95,62.0,132.43,21.45,4.03
3480908,La Asuncion,2,VE,1603344051,88,11.03,-63.86,82.4,13.87
609906,Fort-Shevchenko,100,KZ,1603344194,48,44.51,50.26,54.43,9.53
5859699,College,90,US,1603344051,85,64.86,-147.8,24.8,5.82
2057087,Kupang,40,ID,1603344194,41,-10.17,123.58,95.0,8.05
2017912,Plastun,58,RU,1603344194,69,44.76,136.29,59.76,3.04
2108502,Honiara,75,SB,1603344054,70,-9.43,159.95,86.0,3.36
5856516,‘Āhuimanu,75,US,1603344195,83,21.44,-157.84,78.8,3.36
4870380,Ottumwa,90,US,1603344195,100,41.02,-92.41,50.0,10.29
1920772,Zhoucheng,0,CN,1603344195,22,35.91,116.31,67.32,8.95
788975,Kruševac,50,RS,1603344196,93,43.58,21.33,37.4,3.36
934517,Flic en Flac,40,MU,1603344196,61,-20.27,57.36,79.0,13.87
5357155,Hillsborough,1,US,1603344196,82,37.57,-122.38,64.4,6.93
6067747,Matagami,90,CA,1603344197,100,49.75,-77.63,33.8,5.82
296852,Erzin,2,TR,1603344197,75,36.96,36.2,71.01,2.19
3466980,Caravelas,99,BR,1603344197,85,-17.71,-39.25,74.25,4.5
2039557,Khasan,64,RU,1603343737,41,42.43,130.64,55.04,12.91
2142316,Yeppoon,50,AU,1603344198,42,-23.13,150.73,86.0,5.82
1854246,Ōkuchi-shinohara,75,JP,1603344198,100,32.07,130.62,69.8,4.7
2121909,Poronaysk,99,RU,1603344198,74,49.22,143.12,55.06,17.76
1045114,Inhambane,20,MZ,1603343994,94,-23.86,35.38,71.6,4.7
2020591,Magdagachi,14,RU,1603344199,86,53.45,125.8,30.92,12.19
2016183,Spasskoye,72,RU,1603344199,50,44.61,132.8,49.32,5.17
3924679,Vilhena,54,BR,1603344199,73,-12.74,-60.15,72.75,2.24
1805857,Jieshi,27,CN,1603344200,64,22.81,115.83,78.01,1.01
2035836,Manzhouli,0,CN,1603344200,73,49.6,117.43,35.04,11.5
4837648,Ledyard Center,90,US,1603344200,100,41.44,-72.01,64.99,5.82
2304548,Anloga,40,GH,1603344201,94,5.79,0.9,78.8,5.82
3648546,Barinas,99,VE,1603344201,87,8.62,-70.21,74.17,3.33
